{
  "name": "jr-crop",
  "version": "1.1.2",
  "homepage": "https://github.com/JrSchild/jr-crop",
  "authors": [
    "Joram Ruitenschild"
  ],
  "description": "A simple ionic plugin to crop your images.",
  "main": [
    "dist/jr-crop.css",
    "dist/jr-crop.min.js"
  ],
  "keywords": [
    "jr-crop",
    "crop",
    "ionic",
    "ionic-crop"
  ],
  "license": "MIT",
  "devDependencies": {
    "ionic": "1.1.1"
  },
  "_release": "1.1.2",
  "_resolution": {
    "type": "version",
    "tag": "1.1.2",
    "commit": "2cb1a74b843e49674f2a71cea58f5a6adb488001"
  },
  "_source": "https://github.com/JrSchild/jr-crop.git",
  "_target": "^1.1.2",
  "_originalSource": "jr-crop",
  "_direct": true
}