{
  "name": "random",
  "version": "1.0.8",
  "authors": [
    "Cameron Kenneth Knight <ckknight@gmail.com>"
  ],
  "description": "A mathematically correct random number generator library for JavaScript.",
  "main": "lib/random.min.js",
  "keywords": [
    "random"
  ],
  "license": "MIT",
  "homepage": "https://github.com/ckknight/random-js",
  "ignore": [
    "**/.*",
    "node_modules",
    "bower_components",
    "spec"
  ],
  "_release": "1.0.8",
  "_resolution": {
    "type": "version",
    "tag": "v1.0.8",
    "commit": "8a51f321c1fb1725a593fec59299af6ad7118631"
  },
  "_source": "https://github.com/ckknight/random-js.git",
  "_target": "^1.0.8",
  "_originalSource": "random",
  "_direct": true
}