{
    "libc++.dylib": 1,
    "libstdc++.dylib": 1,
    "libsqlite3.0.dylib": 1,
    "OpenGLES.framework": 1,
    "CoreVideo.framework": 1,
    "CoreMedia.framework": 1,
    "CoreAudio.framework": 1,
    "AVFoundation.framework": 4,
    "QuartzCore.framework": 2,
    "CoreLocation.framework": 4,
    "VideoToolbox.framework": 1,
    "AudioToolbox.framework": 2,
    "GLKit.framework": 1,
    "ImageIO.framework": 1,
    "AddressBook.framework": 3,
    "AddressBookUI.framework": 1,
    "Foundation.framework": 1,
    "SystemConfiguration.framework": 1,
    "CoreTelephony.framework": 1,
    "Social.framework": 1,
    "MessageUI.framework": 1,
    "CoreBluetooth.framework": 1,
    "Photos.framework": 1,
    "EventKit.framework": 1,
    "libsqlite3.tbd": 1,
    "libz.tbd": 1
}