{
    "prepare_queue": {
        "installed": [],
        "uninstalled": []
    },
    "config_munge": {
        "files": {
            "config.xml": {
                "parents": {
                    "/*": [
                        {
                            "xml": "<feature name=\"PhoneRTCPlugin\"><param name=\"ios-package\" value=\"PhoneRTCPlugin\" /></feature>",
                            "count": 1
                        },
                        {
                            "xml": "<feature name=\"Camera\"><param name=\"ios-package\" value=\"CDVCamera\" /></feature>",
                            "count": 1
                        },
                        {
                            "xml": "<preference name=\"CameraUsesGeolocation\" value=\"false\" />",
                            "count": 1
                        },
                        {
                            "xml": "<feature name=\"Console\"><param name=\"ios-package\" value=\"CDVLogger\" /></feature>",
                            "count": 1
                        },
                        {
                            "xml": "<feature name=\"Contacts\"><param name=\"ios-package\" value=\"CDVContacts\" /></feature>",
                            "count": 1
                        },
                        {
                            "xml": "<feature name=\"Device\"><param name=\"ios-package\" value=\"CDVDevice\" /></feature>",
                            "count": 1
                        },
                        {
                            "xml": "<feature name=\"InAppBrowser\"><param name=\"ios-package\" value=\"CDVInAppBrowser\" /></feature>",
                            "count": 1
                        },
                        {
                            "xml": "<feature name=\"NativeAudio\"><param name=\"ios-package\" value=\"NativeAudio\" /></feature>",
                            "count": 1
                        },
                        {
                            "xml": "<feature name=\"NetworkStatus\"><param name=\"ios-package\" value=\"CDVConnection\" /></feature>",
                            "count": 1
                        },
                        {
                            "xml": "<feature name=\"YoikScreenOrientation\"><param name=\"ios-package\" value=\"YoikScreenOrientation\" /></feature>",
                            "count": 1
                        },
                        {
                            "xml": "<feature name=\"StatusBar\"><param name=\"ios-package\" value=\"CDVStatusBar\" /><param name=\"onload\" value=\"true\" /></feature>",
                            "count": 1
                        },
                        {
                            "xml": "<preference name=\"StatusBarOverlaysWebView\" value=\"true\" />",
                            "count": 1
                        },
                        {
                            "xml": "<preference name=\"StatusBarStyle\" value=\"lightcontent\" />",
                            "count": 1
                        },
                        {
                            "xml": "<feature name=\"SocialSharing\"><param name=\"ios-package\" value=\"SocialSharing\" /><param name=\"onload\" value=\"true\" /></feature>",
                            "count": 1
                        },
                        {
                            "xml": "<feature name=\"Toast\"><param name=\"ios-package\" value=\"Toast\" /></feature>",
                            "count": 1
                        },
                        {
                            "xml": "<feature name=\"Diagnostic\"><param name=\"ios-package\" value=\"Diagnostic\" /></feature>",
                            "count": 1
                        },
                        {
                            "xml": "<feature name=\"Keyboard\"><param name=\"ios-package\" onload=\"true\" value=\"IonicKeyboard\" /></feature>",
                            "count": 1
                        },
                        {
                            "xml": "<feature name=\"PushNotification\"><param name=\"ios-package\" value=\"PushPlugin\" /></feature>",
                            "count": 1
                        },
                        {
                            "xml": "<feature name=\"SplashScreen\"><param name=\"ios-package\" value=\"CDVSplashScreen\" /><param name=\"onload\" value=\"true\" /></feature>",
                            "count": 1
                        },
                        {
                            "xml": "<feature name=\"Geolocation\"><param name=\"ios-package\" value=\"CDVLocation\" /></feature>",
                            "count": 1
                        }
                    ]
                }
            },
            "*-Info.plist": {
                "parents": {
                    "NSLocationWhenInUseUsageDescription": [
                        {
                            "xml": "<string />",
                            "count": 1
                        },
                        {
                            "xml": "<string>This app will now only track your location when the screen is on and the app is displayed.</string>",
                            "count": 1
                        },
                        {
                            "xml": "<string> </string>",
                            "count": 1
                        }
                    ],
                    "NSContactsUsageDescription": [
                        {
                            "xml": "<string> </string>",
                            "count": 1
                        }
                    ],
                    "NSLocationAlwaysUsageDescription": [
                        {
                            "xml": "<string>This app requires constant access to your location in order to track your position, even when the screen is off.</string>",
                            "count": 1
                        }
                    ],
                    "UIBackgroundModes": [
                        {
                            "xml": "<array><string>remote-notification</string></array>",
                            "count": 1
                        }
                    ],
                    "GCM_SENDER_ID": [
                        {
                            "xml": "<string>692191949673</string>",
                            "count": 1
                        }
                    ],
                    "IS_GCM_ENABLED": [
                        {
                            "xml": "<true />",
                            "count": 1
                        }
                    ]
                }
            }
        }
    },
    "installed_plugins": {
        "cordova-plugin-compat": {
            "PACKAGE_NAME": "com.smartData.OddJob"
        },
        "com.dooble.phonertc": {
            "PACKAGE_NAME": "com.smartData.OddJob"
        },
        "cordova-plugin-camera": {
            "PACKAGE_NAME": "com.smartData.OddJob"
        },
        "cordova-plugin-console": {
            "PACKAGE_NAME": "com.smartData.OddJob"
        },
        "cordova-plugin-contacts": {
            "CONTACTS_USAGE_DESCRIPTION": " ",
            "PACKAGE_NAME": "com.smartData.OddJob"
        },
        "cordova-plugin-device": {
            "PACKAGE_NAME": "com.smartData.OddJob"
        },
        "cordova-plugin-inappbrowser": {
            "PACKAGE_NAME": "com.smartData.OddJob"
        },
        "cordova-plugin-nativeaudio": {
            "PACKAGE_NAME": "com.smartData.OddJob"
        },
        "cordova-plugin-network-information": {
            "PACKAGE_NAME": "com.smartData.OddJob"
        },
        "cordova-plugin-screen-orientation": {
            "PACKAGE_NAME": "com.smartData.OddJob"
        },
        "cordova-plugin-statusbar": {
            "PACKAGE_NAME": "com.smartData.OddJob"
        },
        "cordova-plugin-whitelist": {
            "PACKAGE_NAME": "com.smartData.OddJob"
        },
        "cordova-plugin-x-socialsharing": {
            "PACKAGE_NAME": "com.smartData.OddJob"
        },
        "cordova-plugin-x-toast": {
            "PACKAGE_NAME": "com.smartData.OddJob"
        },
        "cordova.plugins.diagnostic": {
            "PACKAGE_NAME": "com.smartData.OddJob"
        },
        "ionic-plugin-keyboard": {
            "PACKAGE_NAME": "com.smartData.OddJob"
        },
        "phonegap-plugin-push": {
            "SENDER_ID": "692191949673",
            "PACKAGE_NAME": "com.smartData.OddJob"
        },
        "cordova-plugin-splashscreen": {
            "PACKAGE_NAME": "com.smartData.OddJob"
        },
        "cordova-plugin-geolocation": {
            "GEOLOCATION_USAGE_DESCRIPTION": " ",
            "PACKAGE_NAME": "com.smartData.OddJob"
        }
    },
    "dependent_plugins": {},
    "modules": [
        {
            "id": "com.dooble.phonertc.PhoneRTC",
            "file": "plugins/com.dooble.phonertc/www/phonertc.js",
            "pluginId": "com.dooble.phonertc",
            "clobbers": [
                "cordova.plugins.phonertc"
            ]
        },
        {
            "id": "cordova-plugin-camera.Camera",
            "file": "plugins/cordova-plugin-camera/www/CameraConstants.js",
            "pluginId": "cordova-plugin-camera",
            "clobbers": [
                "Camera"
            ]
        },
        {
            "id": "cordova-plugin-camera.CameraPopoverOptions",
            "file": "plugins/cordova-plugin-camera/www/CameraPopoverOptions.js",
            "pluginId": "cordova-plugin-camera",
            "clobbers": [
                "CameraPopoverOptions"
            ]
        },
        {
            "id": "cordova-plugin-camera.camera",
            "file": "plugins/cordova-plugin-camera/www/Camera.js",
            "pluginId": "cordova-plugin-camera",
            "clobbers": [
                "navigator.camera"
            ]
        },
        {
            "id": "cordova-plugin-camera.CameraPopoverHandle",
            "file": "plugins/cordova-plugin-camera/www/ios/CameraPopoverHandle.js",
            "pluginId": "cordova-plugin-camera",
            "clobbers": [
                "CameraPopoverHandle"
            ]
        },
        {
            "id": "cordova-plugin-console.console",
            "file": "plugins/cordova-plugin-console/www/console-via-logger.js",
            "pluginId": "cordova-plugin-console",
            "clobbers": [
                "console"
            ]
        },
        {
            "id": "cordova-plugin-console.logger",
            "file": "plugins/cordova-plugin-console/www/logger.js",
            "pluginId": "cordova-plugin-console",
            "clobbers": [
                "cordova.logger"
            ]
        },
        {
            "id": "cordova-plugin-contacts.contacts",
            "file": "plugins/cordova-plugin-contacts/www/contacts.js",
            "pluginId": "cordova-plugin-contacts",
            "clobbers": [
                "navigator.contacts"
            ]
        },
        {
            "id": "cordova-plugin-contacts.Contact",
            "file": "plugins/cordova-plugin-contacts/www/Contact.js",
            "pluginId": "cordova-plugin-contacts",
            "clobbers": [
                "Contact"
            ]
        },
        {
            "id": "cordova-plugin-contacts.convertUtils",
            "file": "plugins/cordova-plugin-contacts/www/convertUtils.js",
            "pluginId": "cordova-plugin-contacts"
        },
        {
            "id": "cordova-plugin-contacts.ContactAddress",
            "file": "plugins/cordova-plugin-contacts/www/ContactAddress.js",
            "pluginId": "cordova-plugin-contacts",
            "clobbers": [
                "ContactAddress"
            ]
        },
        {
            "id": "cordova-plugin-contacts.ContactError",
            "file": "plugins/cordova-plugin-contacts/www/ContactError.js",
            "pluginId": "cordova-plugin-contacts",
            "clobbers": [
                "ContactError"
            ]
        },
        {
            "id": "cordova-plugin-contacts.ContactField",
            "file": "plugins/cordova-plugin-contacts/www/ContactField.js",
            "pluginId": "cordova-plugin-contacts",
            "clobbers": [
                "ContactField"
            ]
        },
        {
            "id": "cordova-plugin-contacts.ContactFindOptions",
            "file": "plugins/cordova-plugin-contacts/www/ContactFindOptions.js",
            "pluginId": "cordova-plugin-contacts",
            "clobbers": [
                "ContactFindOptions"
            ]
        },
        {
            "id": "cordova-plugin-contacts.ContactName",
            "file": "plugins/cordova-plugin-contacts/www/ContactName.js",
            "pluginId": "cordova-plugin-contacts",
            "clobbers": [
                "ContactName"
            ]
        },
        {
            "id": "cordova-plugin-contacts.ContactOrganization",
            "file": "plugins/cordova-plugin-contacts/www/ContactOrganization.js",
            "pluginId": "cordova-plugin-contacts",
            "clobbers": [
                "ContactOrganization"
            ]
        },
        {
            "id": "cordova-plugin-contacts.ContactFieldType",
            "file": "plugins/cordova-plugin-contacts/www/ContactFieldType.js",
            "pluginId": "cordova-plugin-contacts",
            "merges": [
                ""
            ]
        },
        {
            "id": "cordova-plugin-contacts.contacts-ios",
            "file": "plugins/cordova-plugin-contacts/www/ios/contacts.js",
            "pluginId": "cordova-plugin-contacts",
            "merges": [
                "navigator.contacts"
            ]
        },
        {
            "id": "cordova-plugin-contacts.Contact-iOS",
            "file": "plugins/cordova-plugin-contacts/www/ios/Contact.js",
            "pluginId": "cordova-plugin-contacts",
            "merges": [
                "Contact"
            ]
        },
        {
            "id": "cordova-plugin-device.device",
            "file": "plugins/cordova-plugin-device/www/device.js",
            "pluginId": "cordova-plugin-device",
            "clobbers": [
                "device"
            ]
        },
        {
            "id": "cordova-plugin-inappbrowser.inappbrowser",
            "file": "plugins/cordova-plugin-inappbrowser/www/inappbrowser.js",
            "pluginId": "cordova-plugin-inappbrowser",
            "clobbers": [
                "cordova.InAppBrowser.open",
                "window.open"
            ]
        },
        {
            "id": "cordova-plugin-nativeaudio.nativeaudio",
            "file": "plugins/cordova-plugin-nativeaudio/www/nativeaudio.js",
            "pluginId": "cordova-plugin-nativeaudio",
            "clobbers": [
                "window.plugins.NativeAudio"
            ]
        },
        {
            "id": "cordova-plugin-network-information.network",
            "file": "plugins/cordova-plugin-network-information/www/network.js",
            "pluginId": "cordova-plugin-network-information",
            "clobbers": [
                "navigator.connection",
                "navigator.network.connection"
            ]
        },
        {
            "id": "cordova-plugin-network-information.Connection",
            "file": "plugins/cordova-plugin-network-information/www/Connection.js",
            "pluginId": "cordova-plugin-network-information",
            "clobbers": [
                "Connection"
            ]
        },
        {
            "id": "cordova-plugin-screen-orientation.screenorientation",
            "file": "plugins/cordova-plugin-screen-orientation/www/screenorientation.js",
            "pluginId": "cordova-plugin-screen-orientation",
            "clobbers": [
                "cordova.plugins.screenorientation"
            ]
        },
        {
            "id": "cordova-plugin-screen-orientation.screenorientation.ios",
            "file": "plugins/cordova-plugin-screen-orientation/www/screenorientation.ios.js",
            "pluginId": "cordova-plugin-screen-orientation",
            "merges": [
                "cordova.plugins.screenorientation"
            ]
        },
        {
            "id": "cordova-plugin-statusbar.statusbar",
            "file": "plugins/cordova-plugin-statusbar/www/statusbar.js",
            "pluginId": "cordova-plugin-statusbar",
            "clobbers": [
                "window.StatusBar"
            ]
        },
        {
            "id": "cordova-plugin-x-socialsharing.SocialSharing",
            "file": "plugins/cordova-plugin-x-socialsharing/www/SocialSharing.js",
            "pluginId": "cordova-plugin-x-socialsharing",
            "clobbers": [
                "window.plugins.socialsharing"
            ]
        },
        {
            "id": "cordova-plugin-x-toast.Toast",
            "file": "plugins/cordova-plugin-x-toast/www/Toast.js",
            "pluginId": "cordova-plugin-x-toast",
            "clobbers": [
                "window.plugins.toast"
            ]
        },
        {
            "id": "cordova-plugin-x-toast.tests",
            "file": "plugins/cordova-plugin-x-toast/test/tests.js",
            "pluginId": "cordova-plugin-x-toast"
        },
        {
            "id": "cordova.plugins.diagnostic.Diagnostic",
            "file": "plugins/cordova.plugins.diagnostic/www/ios/diagnostic.js",
            "pluginId": "cordova.plugins.diagnostic",
            "clobbers": [
                "cordova.plugins.diagnostic"
            ]
        },
        {
            "id": "ionic-plugin-keyboard.keyboard",
            "file": "plugins/ionic-plugin-keyboard/www/ios/keyboard.js",
            "pluginId": "ionic-plugin-keyboard",
            "clobbers": [
                "cordova.plugins.Keyboard"
            ],
            "runs": true
        },
        {
            "id": "phonegap-plugin-push.PushNotification",
            "file": "plugins/phonegap-plugin-push/www/push.js",
            "pluginId": "phonegap-plugin-push",
            "clobbers": [
                "PushNotification"
            ]
        },
        {
            "id": "cordova-plugin-splashscreen.SplashScreen",
            "file": "plugins/cordova-plugin-splashscreen/www/splashscreen.js",
            "pluginId": "cordova-plugin-splashscreen",
            "clobbers": [
                "navigator.splashscreen"
            ]
        },
        {
            "id": "cordova-plugin-geolocation.Coordinates",
            "file": "plugins/cordova-plugin-geolocation/www/Coordinates.js",
            "pluginId": "cordova-plugin-geolocation",
            "clobbers": [
                "Coordinates"
            ]
        },
        {
            "id": "cordova-plugin-geolocation.PositionError",
            "file": "plugins/cordova-plugin-geolocation/www/PositionError.js",
            "pluginId": "cordova-plugin-geolocation",
            "clobbers": [
                "PositionError"
            ]
        },
        {
            "id": "cordova-plugin-geolocation.Position",
            "file": "plugins/cordova-plugin-geolocation/www/Position.js",
            "pluginId": "cordova-plugin-geolocation",
            "clobbers": [
                "Position"
            ]
        },
        {
            "id": "cordova-plugin-geolocation.geolocation",
            "file": "plugins/cordova-plugin-geolocation/www/geolocation.js",
            "pluginId": "cordova-plugin-geolocation",
            "clobbers": [
                "navigator.geolocation"
            ]
        }
    ],
    "plugin_metadata": {
        "cordova-plugin-compat": "1.0.0",
        "com.dooble.phonertc": "2.1.0",
        "cordova-plugin-camera": "2.2.0",
        "cordova-plugin-console": "1.0.3",
        "cordova-plugin-contacts": "2.2.0",
        "cordova-plugin-device": "1.1.2",
        "cordova-plugin-inappbrowser": "1.5.0",
        "cordova-plugin-nativeaudio": "3.0.7",
        "cordova-plugin-network-information": "1.3.0",
        "cordova-plugin-screen-orientation": "1.4.2",
        "cordova-plugin-statusbar": "2.1.3",
        "cordova-plugin-whitelist": "1.2.2",
        "cordova-plugin-x-socialsharing": "5.1.3",
        "cordova-plugin-x-toast": "2.5.2",
        "cordova.plugins.diagnostic": "3.1.2",
        "ionic-plugin-keyboard": "2.2.1",
        "phonegap-plugin-push": "1.8.2",
        "cordova-plugin-splashscreen": "4.0.1",
        "cordova-plugin-geolocation": "2.4.1"
    }
}