{
  "name": "angular-credit-cards",
  "homepage": "https://github.com/bendrucker/angular-credit-cards",
  "authors": [
    "Ben Drucker <bvdrucker@gmail.com>"
  ],
  "description": "Angular directives for formatting and validating credit card inputs",
  "main": "./release/angular-credit-cards.js",
  "moduleType": [
    "node"
  ],
  "keywords": [
    "angular",
    "credit",
    "card",
    "payments",
    "validation",
    "directive",
    "form"
  ],
  "license": "MIT",
  "ignore": [
    "**/.*",
    "node_modules",
    "bower_components",
    "components",
    "test",
    "tests"
  ],
  "dependencies": {
    "angular": ">=1.3 <1.6"
  },
  "version": "3.1.4",
  "_release": "3.1.4",
  "_resolution": {
    "type": "version",
    "tag": "v3.1.4",
    "commit": "d628d6e39fa1ba0b901a832e0630cf716b49b8b5"
  },
  "_source": "https://github.com/bendrucker/angular-credit-cards.git",
  "_target": "^3.1.4",
  "_originalSource": "angular-credit-cards",
  "_direct": true
}